{"cameraMode":{"drawMode":0,"name":"Shaded","section":"Shading Mode"},"sceneLighting":true,"audioPlay":false,"sceneViewState":{"m_AlwaysRefresh":false,"showFog":true,"showSkybox":true,"showFlares":true,"showImageEffects":true,"showParticleSystems":true,"showVisualEffectGraphs":true,"m_FxEnabled":true},"in2DMode":false,"pivot":{"x":-0.7050820589065552,"y":29.168603897094728,"z":-70.33861541748047},"rotation":{"x":-0.13193315267562867,"y":-0.4689886271953583,"z":0.07085643708705902,"w":-0.8705085515975952},"size":0.8660253882408142,"orthographic":false}